{
"key" : "de",
"TextId_Already_Running" : "Eine Instanz von MinimizeToTray läuft bereits.",
"TextId_Tray_Restore_All_Windows" : "Alle Fenster wiederherstellen",
"TextId_Tray_Extra" : "Extra",
"TextId_Tray_Opt_AltF4_Force_Exit_Desc" : "Alt-F4 erzwingt das Beenden des Fensters",
"TextId_Tray_Opt_Restore_On_Exit_Desc" : "Versteckte Fenster beim Beenden wiederherstellen",
"TextId_Tray_Opt_Save_Legacy_Windows_Desc" : "Legacy-Fenster speichern",
"TextId_Tray_Opt_Restore_Focus" : "Fokus auf wiederhergestellte Fenster zurücksetzen",
"TextId_Tray_Edit_Hotkeys" : "Konfigurationen",
"TextId_Tray_Quick_Help" : "Schnelle Hilfe",
"TextId_Tray_Exit" : "Verlassen",
"TextId_GUI_Edit_Hotkeys" : "Hotkeys bearbeiten",
"TextId_GUI_OK" : "Okay",
"TextId_GUI_Default" : "Voreinstellungen",
"TextId_GUI_Hide_Active_Window" : "Aktives Fenster ausblenden",
"TextId_GUI_Restore_Last_Window" : "Letztes Fenster wiederherstellen",
"TextId_GUI_Restore_All_Windows" : "Alle ausgeblendeten Fenster wiederherstellen",
"TextId_GUI_Warning_Key_Overlap" : "Die ESC-Taste und ALT+F4 können nicht ausgewählt werden, da sie die System-Hotkeys stören würden.",
"TextId_GUI_Warning_Key_Empty" : "Hotkeys dürfen nicht leer sein.",
"TextId_GUI_Language" : "Sprache",
"TextId_Msg_Help_1_Press" : "Drücke",
"TextId_Msg_Help_2_To_Hide_Active" : "um das derzeit aktive Fenster auszublenden.",
"TextId_Msg_Help_3_To_Restore" : "um das letzte verborgene Fenster wiederherzustellen.",
"TextId_Msg_Help_4_Stored_In_Tray" : "Versteckte Fenster werden im MTT Tray-Icon gespeichert.",
"TextId_Msg_Help_5_Elevated_Window_Admin" : "Wenn das Fenster, das Sie ausblenden möchten, auf die Verwaltungsebene gehoben wird, müssen Sie MTT als Administrator ausführen."
}